"Category","Question","annotation_id","annotator","created_at","id","lead_time","updated_at"
"Informatics Basics","In the SI system, the unit of measurement of voltage is","7","1","2023-11-20T16:40:30.614315Z","1","57.305","2023-11-20T16:40:30.614315Z"
"Informatics Basics"," Show the drawing of a permanent capacitor.","8","1","2023-11-20T16:41:35.835818Z","2","64.78","2023-11-20T16:41:35.835818Z"
"Informatics Basics"," The drawing shows a diagram of the logical structure","9","1","2023-11-20T16:41:43.899860Z","3","7.67","2023-11-20T16:41:43.899860Z"
"Computer"," The designation of the presented processor informs about","10","1","2023-11-20T16:41:49.206430Z","4","4.909","2023-11-20T16:41:49.206430Z"
"Computer"," Indicate the component that is incompatible with the motherboard with the parameters presented in the table.","11","1","2023-11-20T16:42:02.880896Z","5","13.252","2023-11-20T16:42:02.880896Z"
"Computer"," In the computer set with the parameters presented in the table, replace the graphics card with a GeForce GTX 1070 Ti Titanium 8G DDR5, PCI EX-x16 3.0, 256b, 1683 MHz/1607 MHz, Power consumption 180W, 3x DP, 2x HDMI, recommended power supply 500W , DirectX 12, OpenGL 4.5 Therefore, upgrading this computer also requires replacement","12","1","2023-11-20T16:42:07.116358Z","6","3.813","2023-11-20T16:42:07.116358Z"
"Operating Systems or Administration"," Programs can be used to update Linux systems","13","1","2023-11-20T16:42:11.602965Z","7","6.712999999999999","2023-11-20T16:50:42.431436Z"
"Legal"," The author of the posted software authorizes its free use only if required","14","1","2023-11-20T16:43:08.375462Z","8","63.913","2023-11-20T16:44:16.218764Z"
"Computer Networks"," Which Gigabit Ethernet standard allows the construction of network segments with a length of 550 m/5000 m with a transmission speed of 1 Gb/s?","15","1","2023-11-20T16:44:26.090262Z","9","3.923","2023-11-20T16:44:26.090262Z"
"Computer Networks","Very strong electromagnetic interference occurs in two adjacent rooms of a certain company. To ensure the highest possible throughput during operation of the existing LAN, it should be used as the transmission medium","16","1","2023-11-20T16:44:34.381421Z","10","7.898","2023-11-20T16:44:34.381421Z"
"Computer Networks"," A tool used to connect a pigtail to the fibers of an optical fiber cable","17","1","2023-11-20T16:44:56.937623Z","11","22.136","2023-11-20T16:44:56.937623Z"
"Computer Networks"," To protect your wireless network against unauthorized access, you should, among other things:","18","1","2023-11-20T16:45:00.172894Z","12","2.81","2023-11-20T16:45:00.172894Z"
"Computer Networks"," Specify the address of the network to which the host with the address 172.16.0.123/27 belongs","19","1","2023-11-20T16:45:03.342685Z","13","2.72","2023-11-20T16:45:03.342685Z"
"Computer Networks"," How many bits must be extracted from the host part to create 24 subnets from the network with IPv4 address 170.16.0.0/16?","20","1","2023-11-20T16:45:06.382612Z","14","2.654","2023-11-20T16:45:06.382612Z"
"Computer Networks"," A program used to display a list of active devices working in a LAN is","21","1","2023-11-20T16:46:40.346381Z","15","93.513","2023-11-20T16:46:40.346381Z"
"Computer Networks"," Indicate the technology used to provide the Internet along with the cable television service, which uses optical fiber and coaxial cable as the transmission medium.","22","1","2023-11-20T16:46:44.697851Z","16","3.917","2023-11-20T16:46:44.697851Z"
"Operating Systems or Administration","To change the port of an installed printer in Windows, use the function","23","1","2023-11-20T16:51:57.344177Z","17","145.869","2023-11-20T16:51:57.344177Z"
"Computer Networks"," In a LAN network, to protect network devices against overvoltages and potential differences that may occur during a storm or other lightning discharges, you should use","24","1","2023-11-20T16:53:32.630735Z","18","94.845","2023-11-20T16:53:32.630735Z"
"Operating Systems or Administration"," Use a tool to check the Windows Server Stability Index","25","1","2023-11-20T16:53:53.698448Z","19","20.6","2023-11-20T16:53:53.698448Z"
"Computer Networks"," Specify the name of the switch service that will allow you to set higher priority for VoIP transmissions.","26","1","2023-11-20T16:54:00.034928Z","20","6.004","2023-11-20T16:54:00.034928Z"
"Computer Networks"," Based on the screenshot showing the switch configuration, it can be concluded that","27","1","2023-11-20T16:54:05.181592Z","21","4.749","2023-11-20T16:54:05.181592Z"
"Operating Systems or Administration"," A VPN connection powered by Windows Server in which users are authenticated over unsecured connections, and only after the authentications are exchanged does encryption begin.","28","1","2023-11-20T16:54:11.082302Z","22","5.495","2023-11-20T16:54:11.082302Z"
"Computer"," An electronic device can be used to check the correct waveforms and voltage values of the system","29","1","2023-11-20T16:54:37.566734Z","23","26.09","2023-11-20T16:54:37.566734Z"
"Operating Systems or Administration","Using the tar –xf data.tar command on Linux will result","30","1","2023-11-20T16:54:40.631363Z","24","2.645","2023-11-20T16:54:40.631363Z"
"Computer"," The Award BIOS POST text message ""Display switch is set incorrectly"" indicates","31","1","2023-11-20T16:54:51.931953Z","25","10.921","2023-11-20T16:54:51.931953Z"
"Computer"," The program can be used to monitor the condition of hard drives in servers, desktop computers and laptops","32","1","2023-11-20T16:55:05.796722Z","26","13.435","2023-11-20T16:55:05.796722Z"
"Operating Systems or Administration"," To trace the route of packets to a website server in Windows, use the command","33","1","2023-11-20T16:55:12.344146Z","27","6.148","2023-11-20T16:55:12.344146Z"
"Others"," The service technician reached the customer located 11 km away from the company's headquarters and performed the repair activities listed in the table. Indicate the total gross cost of his work if traveling to the client costs PLN 1.20 gross/km and it is counted both ways. The VAT rate for services is 23%.","34","1","2023-11-20T16:56:22.664530Z","28","32.822","2023-11-20T16:56:22.664530Z"
"Operating Systems or Administration"," Windows must be configured for the icons shown in the image to appear on the Taskbar","35","1","2023-11-20T16:56:26.538272Z","29","3.457","2023-11-20T16:56:26.538272Z"
"Computer Networks"," After analyzing the presented results of the configuration of network cards installed on the computer, it can be concluded that:","36","1","2023-11-20T16:56:38.314456Z","30","11.373","2023-11-20T16:56:38.314456Z"
"Operating Systems or Administration","In Windows, analyzing the impact of running programs on computer performance is possible, among other things, by using the command","37","1","2023-11-20T16:56:43.004869Z","31","4.248","2023-11-20T16:56:43.004869Z"
"Operating Systems or Administration"," In Linux, the cd ~ command is used for","38","1","2023-11-20T16:56:45.499072Z","32","2.033","2023-11-20T16:56:45.499072Z"
"Operating Systems or Administration"," In Windows Server, sharing a folder as a network resource, visible on the workstation as a drive marked with a letter, is possible by performing the operation","39","1","2023-11-20T16:56:48.732327Z","33","2.801","2023-11-20T16:56:48.732327Z"
"Operating Systems or Administration"," The Samba server allows you to share files and printers across the network using a daemon","40","1","2023-11-20T16:56:51.031790Z","34","1.934","2023-11-20T16:56:51.031790Z"
"Computer Networks"," Which DNS record should I add in the forward lookup zone to map a DNS domain name to an IP address?","41","1","2023-11-20T16:56:55.892122Z","35","4.421","2023-11-20T16:56:55.892122Z"
"Operating Systems or Administration"," The net accounts command in the Windows Command Prompt to set the maximum number of days for a password to expire requires the use of","42","1","2023-11-20T16:56:59.197864Z","36","2.858","2023-11-20T16:56:59.197864Z"
"Operating Systems or Administration"," In Windows Server, the tool that allows you to manage Group Policy is","43","1","2023-11-20T16:57:03.598323Z","37","3.993","2023-11-20T16:57:03.598323Z"
"Operating Systems or Administration"," tool enabling remote control of a local network user by tracking his activities or taking complete control over a remote machine is the program","44","1","2023-11-20T16:58:46.928928Z","38","102.932","2023-11-20T16:58:46.928928Z"
"Operating Systems or Administration"," On a computer with two systems installed - Windows and Linux, the second system does not start after reinstalling Windows. To restore the ability to boot your Linux system and not to lose the data and settings stored in it, you should:","45","1","2023-11-20T16:59:03.482661Z","39","16.105","2023-11-20T16:59:03.482661Z"
"Operating Systems or Administration"," The message displayed after running the Windows repair tool may indicate:","46","1","2023-11-20T16:59:07.815604Z","40","3.854","2023-11-20T16:59:07.815604Z"
"Informatics Basics"," It is marked with the letter symbol P","47","1","2023-11-20T16:59:35.315399Z","41","27.04","2023-11-20T16:59:35.315399Z"
"Informatics Basics"," Indicate the correct way to write the number -1210 using the sign-modulus method as an eight-bit binary number.","48","1","2023-11-20T16:59:42.681796Z","42","6.917","2023-11-20T16:59:42.681796Z"
"Computer"," An electronic component capable of accumulating an electric charge is","49","1","2023-11-20T16:59:47.531451Z","43","4.402","2023-11-20T16:59:47.531451Z"
"Computer"," The element responsible for data exchange between the processor and the PCI-E bus is","50","1","2023-11-20T16:59:52.222492Z","44","4.251","2023-11-20T16:59:52.222492Z"
"Others"," The symbol shown, used in technical documentation, means","51","1","2023-11-20T17:00:17.430568Z","45","24.769","2023-11-20T17:00:17.430568Z"
"Computer"," The power of the power supply is 450 W, i.e","52","1","2023-11-20T17:00:21.214271Z","46","3.318","2023-11-20T17:00:21.214271Z"
"Computer","To assemble a computer from components using an SFF case, you must choose a standard motherboard","53","1","2023-11-20T17:00:24.947839Z","47","3.342","2023-11-20T17:00:24.947839Z"
"Computer"," To increase the performance of an Intel processor by overclocking it, you can use a marked processor","54","1","2023-11-20T17:00:29.719999Z","48","4.358","2023-11-20T17:00:29.719999Z"
"Operating Systems or Administration"," There is a command to delete files or directories in Linux","55","1","2023-11-20T17:00:32.486817Z","49","2.372","2023-11-20T17:00:32.486817Z"
"Operating Systems or Administration"," Upgrading to a higher version of Ubuntu Linux is possible with the command","56","1","2023-11-20T17:00:37.448700Z","50","4.547","2023-11-20T17:00:37.448700Z"
"Operating Systems or Administration"," To enable or disable services in the installed Windows operating system, you can use the snap-in","57","1","2023-11-20T17:00:44.914680Z","51","7.051","2023-11-20T17:00:44.914680Z"
"Computer Networks"," Which figure shows the topology of a bus network?","58","1","2023-11-20T17:00:48.224488Z","52","2.87","2023-11-20T17:00:48.224488Z"
"Computer Networks"," The token transfer technique is used in topology","59","1","2023-11-20T17:01:27.065588Z","53","38.403","2023-11-20T17:01:27.065588Z"
"Computer Networks"," Which protocols transmit periodic copies of the routing tables to a neighboring router and do not have complete information about distant routers?","60","1","2023-11-20T17:01:32.969759Z","54","5.493","2023-11-20T17:01:32.969759Z"
"Computer Networks"," How many collision and broadcast domains are visible in the diagram?","61","1","2023-11-20T17:01:38.415021Z","55","5.074","2023-11-20T17:01:38.415021Z"
"Legal","The principles of building a structured cabling system, specification of cable parameters and testing procedures applicable in Poland are included in the standards","62","1","2023-11-20T17:01:52.964952Z","56","14.19","2023-11-20T17:01:52.964952Z"
"Computer Networks"," Which address pool enables multicast communication in a network using IPv6 addressing?","63","1","2023-11-20T17:01:58.224955Z","57","4.857","2023-11-20T17:01:58.224955Z"
"Computer Networks"," The given network has the address 192.168.100.0/24. How many subnets can be separated from it using the mask 255.255.255.224?","64","1","2023-11-20T17:02:00.506004Z","58","1.883","2023-11-20T17:02:00.506004Z"
"Others"," The tool shown in the figure is used for testing","65","1","2023-11-20T17:02:14.197833Z","59","13.271","2023-11-20T17:02:14.197833Z"
"Computer Networks"," Which technology enables access to the Internet and reception of digital TV channels?","66","1","2023-11-20T17:02:26.930199Z","60","12.301","2023-11-20T17:02:26.930199Z"
"Computer Networks"," The internal routing protocol, based on link state analysis, is","67","1","2023-11-20T17:02:29.748422Z","61","2.416","2023-11-20T17:02:29.748422Z"
"Computer Networks"," To enable operation in logically separated, smaller subnets in a computer network, the switch must be configured","68","1","2023-11-20T17:02:32.698277Z","62","2.549","2023-11-20T17:02:32.698277Z"
"Peripherals"," Which consumable is not used in plotters?","69","1","2023-11-20T17:02:40.882038Z","63","7.793","2023-11-20T17:02:40.882038Z"
"Operating Systems or Administration"," To clear the domain name cache in Windows, use the command","70","1","2023-11-20T17:02:45.198346Z","64","3.923","2023-11-20T17:02:45.198346Z"
"Operating Systems or Administration","The command for displaying and modifying IP address to physical address translation tables is","71","1","2023-11-20T17:09:22.834023Z","65","79.104","2023-11-20T17:09:22.834023Z"
"Computer Networks"," Which program does not allow you to test your computer network to identify faults?","72","1","2023-11-20T17:09:53.580153Z","66","30.256","2023-11-20T17:09:53.580153Z"
"Computer Networks"," The device shown in the drawing along with its technical specifications can be used for cabling measurements","73","1","2023-11-20T17:10:12.248530Z","67","18.178","2023-11-20T17:10:12.248530Z"
"Others"," Indicate the effect of the presented command.","74","1","2023-11-20T17:10:19.529201Z","68","6.804","2023-11-20T17:10:19.529201Z"
"Operating Systems or Administration"," Which Linux command does not allow you to perform hardware diagnostics?","75","1","2023-11-20T17:10:22.220460Z","69","2.245","2023-11-20T17:10:22.220460Z"
"Operating Systems or Administration"," In Windows, you can check the graphics card parameters using the command","76","1","2023-11-20T17:10:28.074675Z","70","5.371","2023-11-20T17:10:28.074675Z"
"Operating Systems or Administration"," Which Linux utility displays hardware information stored in the BIOS?","77","1","2023-11-20T17:10:30.721380Z","71","2.061","2023-11-20T17:10:30.721380Z"
"Operating Systems or Administration"," The existing user account is modified with the net user command. To force a password change after the user logs in again, add a parameter to the command","78","1","2023-11-20T17:10:34.253227Z","72","3.089","2023-11-20T17:10:34.253227Z"
"Operating Systems or Administration","The command shown was issued by the Operating System Administrator during manual configuration of the network interface. The result of this command is:","79","1","2023-11-20T17:10:37.546282Z","73","2.855","2023-11-20T17:10:37.546282Z"
"Computer Networks"," To set static routing to the 192.168.10.0 network, issue the command","80","1","2023-11-20T17:10:45.469366Z","74","7.475","2023-11-20T17:10:45.469366Z"
"Operating Systems or Administration"," Updating Windows is possible with the command","81","1","2023-11-20T17:10:50.815047Z","75","4.858","2023-11-20T17:10:50.815047Z"
"Operating Systems or Administration"," On Linux, the tty command allows you to do this","82","1","2023-11-20T17:10:55.405054Z","76","4.173","2023-11-20T17:10:55.405054Z"
"Operating Systems or Administration"," To map a directory shared on a computer network in Linux, use the command","83","1","2023-11-20T17:10:58.682163Z","77","2.829","2023-11-20T17:10:58.682163Z"
"Operating Systems or Administration"," On Linux, to change the default home directory to /users/home/new for newly created users, use the command","84","1","2023-11-20T17:11:00.702940Z","78","1.545","2023-11-20T17:11:00.702940Z"
"Computer Networks"," The protocol operating in the application layer of the TCP/IP model is","85","1","2023-11-20T17:11:05.065293Z","79","3.909","2023-11-20T17:11:05.065293Z"
"Operating Systems or Administration"," The Linux iftop program is used for:","86","1","2023-11-20T17:11:14.813767Z","80","9.326","2023-11-20T17:11:14.813767Z"
"Informatics Basics"," Point to the picture showing the symbol of a NOT logic gate.","87","1","2023-11-20T17:11:20.532380Z","81","5.275","2023-11-20T17:11:20.532380Z"
"Computer"," The image shows the traffic light designation in the laptop's technical documentation. Select the number representing the light that comes on when the battery is charging.","88","1","2023-11-20T17:11:32.755042Z","82","11.782","2023-11-20T17:11:32.756032Z"
"Computer","Indicate the correct sequence of steps to install the processor in the LGA socket on a new motherboard, disconnected from the power source.","89","1","2023-11-20T17:11:36.999577Z","83","3.793","2023-11-20T17:11:36.999577Z"
"Operating Systems or Administration"," In Ubuntu or SuSE Linux graphical mode, programs can be used to install system software updates","90","1","2023-11-20T17:12:15.664605Z","84","38.196","2023-11-20T17:12:15.664605Z"
"Operating Systems or Administration"," To perform an unattended installation on Windows, you must prepare a response file named","91","1","2023-11-20T17:12:18.528242Z","85","2.44","2023-11-20T17:12:18.528242Z"
"Operating Systems or Administration"," After installing Linux, the user wants to configure the network card by entering network configuration settings. This is possible by editing the file","92","1","2023-11-20T17:12:21.630257Z","86","2.631","2023-11-20T17:12:21.630257Z"
"Legal"," A license for a computer program distributed for free with functionality limited by the manufacturer compared to the full, paid version, where after a period of 30 days advertisements and reminders to register appear, is called","93","1","2023-11-20T17:12:35.515112Z","87","13.441","2023-11-20T17:12:35.515112Z"
"Computer Networks"," one transmission at a time  all devices connected to the network listen during transmission and receive only packets addressed to them  cable damage is difficult to locate  the network may stop working if the main cable is damaged at any point Features of which physical network topology are described in the box?","94","1","2023-11-20T17:12:42.134105Z","88","6.159","2023-11-20T17:12:42.134105Z"
"Computer Networks"," The wiring symbol in the diagram indicates a cable","95","1","2023-11-20T17:13:28.314745Z","89","45.709","2023-11-20T17:13:28.314745Z"
"Computer Networks"," The use of a 20-meter-long Category 6 twisted-pair cable (CAT 6) in a LAN network indicates its maximum throughput is equal to","96","1","2023-11-20T17:13:30.515812Z","90","1.745","2023-11-20T17:13:30.515812Z"
"Computer Networks"," Indicate the application layer protocol for receiving e-mail, which in the first phase downloads message headers, and their content and attachments are downloaded only after opening the e-mail.","97","1","2023-11-20T17:13:34.980277Z","91","4.001","2023-11-20T17:13:34.980277Z"
"Computer"," Keystone should be used to connect (sew) the cable in the module","98","1","2023-11-20T17:13:41.748205Z","92","6.35","2023-11-20T17:13:41.748205Z"
"Computer Networks"," The broadcast address in the subnet with the IPv4 address 192.168.160.0/21 is","99","1","2023-11-20T17:13:44.168465Z","93","1.954","2023-11-20T17:13:44.168465Z"
"Computer Networks","In IPv6 addressing, the use of a double colon is used for","100","1","2023-11-20T17:13:46.212129Z","94","1.649","2023-11-20T17:13:46.212129Z"
"Computer Networks"," ping ………… 192.168.11.3 What should I type in place of the dots to increase the default time interval between ping packet transmissions on Linux?","101","1","2023-11-20T17:13:48.415410Z","95","1.788","2023-11-20T17:13:48.415410Z"
"Peripherals"," A printer designed for printing labels and barcodes, which prints by melting the coating of a special tape, as a result of which the dye from it is glued to the material on which the printing takes place, is a printer","102","1","2023-11-20T17:13:55.796855Z","96","6.945","2023-11-20T17:13:55.796855Z"
"Peripherals"," To connect a dot matrix printer with the presented parameters to a computer, attach the cable included with the printer to the port","103","1","2023-11-20T17:14:00.798248Z","97","4.57","2023-11-20T17:14:00.798248Z"
"Operating Systems or Administration"," In Windows Professional, use the tab to configure the printer's availability time","104","1","2023-11-20T17:14:03.581857Z","98","2.412","2023-11-20T17:14:03.581857Z"
"Peripherals"," The basic operation of a dot matrix printer is replacing the container","105","1","2023-11-20T17:14:29.425967Z","99","4.154","2023-11-20T17:14:29.425967Z"
"Operating Systems or Administration"," In Linux, you can use the program to monitor the operation of the network, network devices and servers","106","1","2023-11-20T17:14:31.632193Z","100","1.762","2023-11-20T17:14:31.632193Z"
"Computer Networks","Switch> Which of the following can be done when configuring a CISCO switch in the CLI, without going into privileged mode, at the access level shown in the frame?","107","1","2023-11-20T17:14:34.614167Z","101","2.518","2023-11-20T17:14:34.614167Z"
"Computer Networks"," To hide the wireless network ID, change its configuration in the field marked with a number in the router","108","1","2023-11-20T17:14:40.181837Z","102","5.144","2023-11-20T17:14:40.181837Z"
"Computer Networks"," Configuring static routing on a router involves:","109","1","2023-11-20T17:14:42.098078Z","103","1.468","2023-11-20T17:14:42.098078Z"
"Computer"," Indicate a kit used to diagnose logical electronic circuits located on the motherboard of a computer that does not respond to attempts to turn on the power.","110","1","2023-11-20T17:14:46.115047Z","104","3.59","2023-11-20T17:14:46.115047Z"
"Computer"," To repair a laptop power supply by replacing capacitors, use:","111","1","2023-11-20T17:14:50.231205Z","105","3.738","2023-11-20T17:14:50.231205Z"
"Operating Systems or Administration"," To extract the data contained in an archive named data.tar, a Linux user should use the command","112","1","2023-11-20T17:14:53.843706Z","106","3.204","2023-11-20T17:14:53.843706Z"
"Peripherals"," Longitudinal bands and repeating artifacts may be observed in laser printer printouts. A possible cause of poor print quality is a fault","113","1","2023-11-20T17:14:59.390615Z","107","5.138","2023-11-20T17:14:59.390615Z"
"Operating Systems or Administration","/dev/sda: Timing cached reads: 18100 MB in 2.00 seconds = 9056.95 MB/sec The presented Linux command result is for diagnostic purposes","114","1","2023-11-20T17:15:02.998610Z","108","3.204","2023-11-20T17:15:02.998610Z"
"Computer"," The operating system has been attacked by spyware. Once the faults are fixed, it is recommended to avoid another attack","115","1","2023-11-20T17:15:09.360194Z","109","5.9","2023-11-20T17:15:09.360194Z"
"Others"," Indicate the gross fee for performing the service activities listed in the table if the cost of one man-hour is PLN 120.00 net and the VAT rate is 23%.","116","1","2023-11-20T17:15:14.322534Z","110","4.52","2023-11-20T17:15:14.322534Z"
"Operating Systems or Administration"," To have the Calculator program run automatically when you start Windows, you need to configure it","117","1","2023-11-20T17:15:17.743865Z","111","3.012","2023-11-20T17:15:17.743865Z"
"Operating Systems or Administration"," The command was used to check the presented configuration of network interfaces on Linux","118","1","2023-11-20T17:15:20.898624Z","112","2.705","2023-11-20T17:15:20.898624Z"
"Operating Systems or Administration"," Point to the Linux command to check which directory a user is in.","119","1","2023-11-20T17:15:24.431454Z","113","3.104","2023-11-20T17:15:24.431454Z"
"Operating Systems or Administration"," In Windows systems, the EFS system is used to secure data by","120","1","2023-11-20T17:15:26.864716Z","114","1.946","2023-11-20T17:15:26.865264Z"
"Operating Systems or Administration","The Windows Server service for remote installation of operating systems on computers managed by the server is","121","1","2023-11-20T17:15:28.897831Z","115","1.611","2023-11-20T17:15:28.897831Z"
"Operating Systems or Administration"," Which server role should be added in the Windows Server family to create a new FTP site?","122","1","2023-11-20T17:15:32.532756Z","116","3.196","2023-11-20T17:15:32.532756Z"
"Operating Systems or Administration"," On Linux, use the command to lock the exam user's password","123","1","2023-11-20T17:15:36.270127Z","117","3.333","2023-11-20T17:15:36.270127Z"
"Operating Systems or Administration"," Point to the Windows Server command to remove an organizational unit from the directory.","124","1","2023-11-20T17:15:38.482469Z","118","1.75","2023-11-20T17:15:38.482469Z"
"Operating Systems or Administration"," In Linux, you can use the command to manage partition tables","125","1","2023-11-20T17:15:40.731967Z","119","1.817","2023-11-20T17:15:40.731967Z"
"Operating Systems or Administration"," To record successful and failed user logon attempts and disk resource operations in Windows Server, you must configure the log","126","1","2023-11-20T17:15:43.732346Z","120","2.554","2023-11-20T17:15:43.732346Z"
"Informatics Basics"," The ratio of the charge stored on a conductor to the potential of that conductor determines its potential","127","1","2023-11-20T17:15:53.964474Z","121","9.823","2023-11-20T17:15:53.964474Z"
"Computer"," It is an active electronic component","128","1","2023-11-20T17:15:59.290272Z","122","4.895","2023-11-20T17:15:59.290272Z"
"Computer","Identify the element that adjusts the voltage level from the power grid using a transformer that transfers energy from one electrical circuit to another using the phenomenon of magnetic induction.","129","1","2023-11-20T17:16:07.848221Z","123","8.1","2023-11-20T17:16:07.848221Z"
"Computer"," In the motherboard diagram included in the laptop documentation, the connectors are marked with numbers 8 and 9","130","1","2023-11-20T17:16:10.634108Z","124","2.308","2023-11-20T17:16:10.634108Z"
"Computer"," The video capture card shown will work with a motherboard equipped with a port","131","1","2023-11-20T17:16:13.774892Z","125","2.741","2023-11-20T17:16:13.774892Z"
"Operating Systems or Administration"," During the installation of Windows, right after running the installer in graphical mode, it is possible to launch the Command Line (console) using a combination of buttons","132","1","2023-11-20T17:16:15.756881Z","126","1.533","2023-11-20T17:16:15.756881Z"
"Operating Systems or Administration"," After installing Windows 10, to set up an Internet connection with a data limit, you need to set the connection in the network and Internet settings","133","1","2023-11-20T17:16:19.147744Z","127","2.954","2023-11-20T17:16:19.147915Z"
"Operating Systems or Administration"," An access license in Windows Server that allows workstation users to use the server's services is a license","134","1","2023-11-20T17:16:42.916276Z","128","23.297","2023-11-20T17:16:42.916276Z"
"Computer Networks"," A characteristic feature of star topology is","135","1","2023-11-20T17:16:45.414162Z","129","2.022","2023-11-20T17:16:45.414162Z"
"Computer Networks","The presented logical diagram shows the networks","136","1","2023-11-20T17:16:50.281824Z","130","4.461","2023-11-20T17:16:50.281824Z"
"Computer Networks"," What can you say about the structure of S/FTP twisted pair?","137","1","2023-11-20T17:16:53.448763Z","131","2.743","2023-11-20T17:16:53.448763Z"
"Others"," The tool presented is used for","138","1","2023-11-20T17:17:01.678800Z","132","7.798","2023-11-20T17:17:01.678800Z"
"Computer Networks"," Structured fiber optic cabling testing can be done using","139","1","2023-11-20T17:17:04.779568Z","133","2.675","2023-11-20T17:17:04.779568Z"
"Computer Networks"," The broadcast address in the subnet with the IPv4 address 192.168.0.0/20 is","140","1","2023-11-20T17:17:06.398777Z","134","1.199","2023-11-20T17:17:06.398777Z"
"Computer Networks"," In IPv6 addressing, the address ff00::/8 specifies","141","1","2023-11-20T17:17:07.921907Z","135","1.087","2023-11-20T17:17:07.921907Z"
"Computer Networks"," Indicate the maximum number of host addresses that can be used in each of the 8 equal subnets separated from the computer network with the address 10.10.10.0/24.","142","1","2023-11-20T17:17:09.492499Z","136","1.111","2023-11-20T17:17:09.492499Z"
"Others"," The information presented on the printout was displayed as a result of the call","143","1","2023-11-20T17:17:50.499689Z","137","40.55","2023-11-20T17:17:50.499689Z"
"Computer Networks"," A network device operating in the second layer of the OSI model, in which a signal based on the analysis of the MAC address of the sender and recipient is sent to the port connected to the device receiving data, is","144","1","2023-11-20T17:17:57.282380Z","138","6.355","2023-11-20T17:17:57.282380Z"
"Computer"," The socket for your interactive whiteboard is marked with the symbol shown. Which connector should you use to connect the board to the computer?","145","1","2023-11-20T17:18:00.749214Z","139","2.999","2023-11-20T17:18:00.749214Z"
"Operating Systems or Administration","To change the port of an installed printer in Windows, use the function","146","1","2023-11-20T17:18:06.675091Z","140","5.449","2023-11-20T17:18:06.675091Z"
"Peripherals","Identify the maintenance action to perform if your inkjet print results in streaks, incorrect print colors, or missing colors.","147","1","2023-11-20T17:18:17.498826Z","141","10.32","2023-11-20T17:18:17.498907Z"
"Computer Networks"," The presented tool for monitoring LAN networks is","148","1","2023-11-20T17:18:25.568848Z","142","7.634","2023-11-20T17:18:25.568848Z"
"Computer Networks"," To check the condition of the connected cable and diagnose the distance from the point of network failure, use the switch function marked with a number","149","1","2023-11-20T17:18:28.572320Z","143","2.521","2023-11-20T17:18:28.572320Z"
"Computer Networks"," When configuring the router, to enter the connection parameters provided by your Internet provider, select the area marked with a number","150","1","2023-11-20T17:19:04.615132Z","144","35.58","2023-11-20T17:19:04.615132Z"
"Computer"," Use for cleaning optical systems in computer equipment","151","1","2023-11-20T17:19:23.850684Z","145","18.79","2023-11-20T17:19:23.850684Z"
"Computer"," An antistatic mat and band are used when assembling the component in the target","152","1","2023-11-20T17:19:27.273362Z","146","3.016","2023-11-20T17:19:27.273362Z"
"Operating Systems or Administration"," In Windows Server, sharing a folder as a network resource, visible on the workstation as a drive marked with a letter, is possible by performing the operation","153","1","2023-11-20T17:19:48.373146Z","147","20.651","2023-11-20T17:19:48.373146Z"
"Operating Systems or Administration","/dev/sda: Timing cached reads: 18100 MB in 2.00 seconds = 9056.95 MB/sec The presented Linux command result is for diagnostic purposes","154","1","2023-11-20T17:19:54.115161Z","148","5.256","2023-11-20T17:19:54.115161Z"
"Operating Systems or Administration"," You can use the command to identify the size of free and used physical memory in Linux","155","1","2023-11-20T17:19:56.998697Z","149","2.447","2023-11-20T17:19:56.998697Z"
"Others"," Indicate the gross cost of the services performed by the service technician, if the invoice also includes the travel cost of PLN 55.00 net.","156","1","2023-11-20T17:20:01.193524Z","150","3.758","2023-11-20T17:20:01.193524Z"
"Operating Systems or Administration","Linux Ubuntu was installed on a disk next to Windows. To configure the order in which the operating systems start, you must modify the content","157","1","2023-11-20T17:20:03.228216Z","151","1.609","2023-11-20T17:20:03.228216Z"
"Operating Systems or Administration"," Using the ipconfig /renew command when configuring network interfaces will result","158","1","2023-11-20T17:20:07.915738Z","152","4.259","2023-11-20T17:20:07.915738Z"
"Operating Systems or Administration"," The command is used to schedule tasks in Linux","159","1","2023-11-20T17:20:11.248968Z","153","2.924","2023-11-20T17:20:11.248968Z"
"Operating Systems or Administration"," Executing the dxdiag command on Windows will enable","160","1","2023-11-20T17:20:13.281993Z","154","1.577","2023-11-20T17:20:13.281993Z"
"Operating Systems or Administration"," AppLocker is a tool in Windows Server systems used for","161","1","2023-11-20T17:20:15.430047Z","155","1.701","2023-11-20T17:20:15.430047Z"
"Operating Systems or Administration"," The Windows server system shows an IPv4 address range. The indicated icon next to its name means that","162","1","2023-11-20T17:20:20.515972Z","156","4.691","2023-11-20T17:20:20.515972Z"
"Operating Systems or Administration"," Point to the Linux command to display the user ID number.","163","1","2023-11-20T17:20:24.432599Z","157","3.417","2023-11-20T17:20:24.432599Z"
"Operating Systems or Administration"," Which Linux command can be used to change the default exam user shell to sh","164","1","2023-11-20T17:20:26.796963Z","158","1.9","2023-11-20T17:20:26.796963Z"
"Operating Systems or Administration"," The directory services tool in Windows Server systems used to redirect computers to an organizational unit specified by the administrator is the command","165","1","2023-11-20T17:20:28.826692Z","159","1.551","2023-11-20T17:20:28.826692Z"
"Operating Systems or Administration","After installing the VNC program used to view the desktop of the selected computer, in addition to the port number, you must also provide the port number","166","1","2023-11-20T17:20:33.316295Z","160","4.023","2023-11-20T17:20:33.316295Z"
"Informatics Basics"," The number 20510 written in hexadecimal has a value","167","1","2023-11-20T17:20:38.901919Z","161","5.16","2023-11-20T17:20:38.901919Z"
"Informatics Basics"," The digital circuit implementing the conjunction operation uses a logic gate","168","1","2023-11-20T17:20:42.932247Z","162","3.562","2023-11-20T17:20:42.932247Z"
"Others"," What function does the presented system perform?","169","1","2023-11-20T17:20:47.866167Z","163","4.485","2023-11-20T17:20:47.866167Z"
"Informatics Basics"," Farad is a unit","170","1","2023-11-20T17:20:52.415155Z","164","4.111","2023-11-20T17:20:52.415155Z"
"Computer Networks"," If the speed of downloading data from the Internet by the device is 8. Mb/s, in 6. s you can download a file with a maximum size equal to","171","1","2023-11-20T17:21:05.349095Z","165","12.491","2023-11-20T17:21:05.349933Z"
"Operating Systems or Administration"," Microsoft's published hardware compatibility list for the Windows operating system is","172","1","2023-11-20T17:21:11.080117Z","166","5.258","2023-11-20T17:21:11.080117Z"
"Operating Systems or Administration"," Which command should you use to install Python packages on Ubuntu from the official repository?","173","1","2023-11-20T17:21:17.065812Z","167","5.511","2023-11-20T17:21:17.065812Z"
"Operating Systems or Administration"," File access permissions in Windows 10 can be modified using a command","174","1","2023-11-20T17:21:24.850760Z","168","7.353","2023-11-20T17:21:24.850760Z"
"Legal","Indicate the trademark that may be used by a manufacturer that financially supports the operation of the waste recovery and recycling system.","175","1","2023-11-20T17:21:32.871915Z","169","7.545","2023-11-20T17:21:32.871915Z"
"Computer Networks"," Which abbreviation stands for a large computer network covering the city?","176","1","2023-11-20T17:21:36.138913Z","170","2.799","2023-11-20T17:21:36.138913Z"
"Computer Networks"," In the structured cabling diagram, one of the elements includes the word MDF. Which distribution point is this item associated with?","177","1","2023-11-20T17:21:42.105514Z","171","5.53","2023-11-20T17:21:42.105514Z"
"Computer Networks"," The computer network design assumes the use of hardware addresses of the network card. Which layer of the ISO/OSI model uses these addresses for communication?","178","1","2023-11-20T17:21:58.225282Z","172","15.652","2023-11-20T17:21:58.225282Z"
"Computer Networks"," The DNS protocol is responsible for","179","1","2023-11-20T17:22:00.348996Z","173","1.441","2023-11-20T17:22:00.348996Z"
"Computer Networks"," A device used in computer networks, equipped with special software that blocks unauthorized access to the network","180","1","2023-11-20T17:22:03.565342Z","174","2.73","2023-11-20T17:22:03.565342Z"
"Computer Networks"," Which technology enables data transfer at a speed of 1 Gb/s using optical fiber?","181","1","2023-11-20T17:22:05.748112Z","175","1.704","2023-11-20T17:22:05.748112Z"
"Others"," The figure shows","182","1","2023-11-20T17:22:08.316834Z","176","2.168","2023-11-20T17:22:08.316834Z"
"Computer Networks","In the IPv4 protocol, a broadcast address, written in binary form, without division into subnets, contains in the part intended for the host","183","1","2023-11-20T17:22:13.165875Z","177","4.455","2023-11-20T17:22:13.165875Z"
"Computer Networks"," The IPv4 address range 224.0.0.0 ÷ 239.255.255.255 is intended for transmission","184","1","2023-11-20T17:22:15.223423Z","178","1.641","2023-11-20T17:22:15.223423Z"
"Computer Networks"," The administrator of the computer network with the address 192.168.1.0/24 has separated 8 equal subnets. How many host addresses will be available in each of these subnets?","185","1","2023-11-20T17:22:17.611604Z","179","2.035","2023-11-20T17:22:17.611604Z"
"Computer Networks"," A classless method for dividing the IPv4 address space is","186","1","2023-11-20T17:22:19.248087Z","180","1.2","2023-11-20T17:22:19.248087Z"
"Computer Networks"," Which internal routing protocol relies on the distance vector?","187","1","2023-11-20T17:22:21.234040Z","181","1.508","2023-11-20T17:22:21.234040Z"
"Computer Networks"," The PDU data unit in the network layer of the ISO/OSI model is","188","1","2023-11-20T17:22:22.982204Z","182","1.289","2023-11-20T17:22:22.982204Z"
"Operating Systems or Administration"," If a Windows user does not have access to a printer, they can use the print to file option. The resulting file has the extension","189","1","2023-11-20T17:22:25.831935Z","183","2.399","2023-11-20T17:22:25.831935Z"
"Computer Networks"," Data packets sent over the network change the value of the TTL (Time To Live) field each time the packet passes through the router. Which value of this field causes the router to delete the packet?","190","1","2023-11-20T17:22:27.744230Z","184","1.456","2023-11-20T17:22:27.744230Z"
"Computer","Malware used to record keystrokes pressed by the user of the operating system is","191","1","2023-11-20T17:22:38.069459Z","185","9.851","2023-11-20T17:22:38.069459Z"
"Operating Systems or Administration"," In the Linux networking operating system, the command is used to create VLANs","192","1","2023-11-20T17:23:32.949678Z","186","54.363","2023-11-20T17:23:32.949678Z"
"Computer Networks"," They constitute the boundary of the broadcast domain","193","1","2023-11-20T17:23:36.290449Z","187","2.896","2023-11-20T17:23:36.290449Z"
"Operating Systems or Administration"," Remote user authentication on wireless networks can be done using a service","194","1","2023-11-20T17:23:44.192206Z","188","7.452","2023-11-20T17:23:44.192206Z"
"Operating Systems or Administration"," If there is insufficient RAM needed to perform an operation, such as running an application, Windows allows you to move unused data from RAM to a file","195","1","2023-11-20T17:23:57.191445Z","189","12.531","2023-11-20T17:23:57.191445Z"
"Computer Networks"," In the DNS server, to map a hostname to an IPv4 address, you must create a record","196","1","2023-11-20T17:24:01.204958Z","190","3.527","2023-11-20T17:24:01.204958Z"
"Operating Systems or Administration"," To specify how long GRUB waits for system selection before booting to the default operating system, configure an option","197","1","2023-11-20T17:24:06.582336Z","191","4.989","2023-11-20T17:24:06.582336Z"
"Operating Systems or Administration"," In Windows, assigning file extensions to applications is done by command","198","1","2023-11-20T17:24:08.637392Z","192","1.635","2023-11-20T17:24:08.637392Z"
"Computer Networks","From which pool will the APIPA service assign an IP address for a Windows workstation if the DHCP server on the computer network is not working properly?","199","1","2023-11-20T17:24:11.327131Z","193","2.305","2023-11-20T17:24:11.327131Z"
"Operating Systems or Administration"," The Linux df command allows you to","200","1","2023-11-20T17:24:13.196218Z","194","1.44","2023-11-20T17:24:13.196218Z"
"Operating Systems or Administration"," On Windows, issuing the command ATTRIB -S +H TEST.TXT will result","201","1","2023-11-20T17:24:15.288941Z","195","1.669","2023-11-20T17:24:15.288941Z"
"Operating Systems or Administration"," Which Windows command did you type in place of the dots to obtain the information in the image shown?","202","1","2023-11-20T17:24:16.882715Z","196","1.165","2023-11-20T17:24:16.882715Z"
"Operating Systems or Administration"," A Linux user who wants to search for files with a specific name using a system command can use the command","203","1","2023-11-20T17:24:18.432252Z","197","1.109","2023-11-20T17:24:18.432252Z"
"Operating Systems or Administration"," In a computer network running under Linux, a server can be used to share printers","204","1","2023-11-20T17:24:26.698956Z","198","7.84","2023-11-20T17:24:26.698956Z"
"Operating Systems or Administration"," The screenshot shown in Windows is the result of the command","205","1","2023-11-20T17:24:33.286762Z","199","6.194","2023-11-20T17:24:33.286762Z"
"Operating Systems or Administration"," Which service allows you to log in to remote computers, execute system commands on them, and manage the network?","206","1","2023-11-20T17:24:40.385540Z","200","6.623","2023-11-20T17:24:40.385540Z"
"Informatics Basics"," Convert the decimal number 129(10) to binary.","207","1","2023-11-20T17:24:45.413167Z","201","4.602","2023-11-20T17:24:45.413167Z"
"Informatics Basics","The graphic symbol shown in the figure denotes a logic gate","208","1","2023-11-20T17:24:48.866138Z","202","3.018","2023-11-20T17:24:48.866138Z"
"Computer"," The control signal sent by the processor, enabling recording to input-output devices, is marked with a number in the diagram","209","1","2023-11-20T17:24:53.483413Z","203","4.207","2023-11-20T17:24:53.483413Z"
"Computer"," Which type of port can be used to connect an external drive to a laptop?","210","1","2023-11-20T17:24:57.000054Z","204","3.103","2023-11-20T17:24:57.000054Z"
"Computer"," Which of the following interfaces should you choose to connect an SSD to the motherboard of a desktop computer to achieve the highest data writing and reading speeds?","211","1","2023-11-20T17:25:00.094181Z","205","2.655","2023-11-20T17:25:00.094181Z"
"Others"," What action should the user take to remove the error marked with a box in the figure?","212","1","2023-11-20T17:25:08.573056Z","206","8.118","2023-11-20T17:25:08.573056Z"
"Legal"," Shareware is a type of license consisting in","213","1","2023-11-20T17:25:11.692083Z","207","2.702","2023-11-20T17:25:11.692083Z"
"Computer Networks"," The ACK flag sent within the TCP protocol is used for","214","1","2023-11-20T17:25:13.799528Z","208","1.628","2023-11-20T17:25:13.799528Z"
"Computer Networks"," Using static testing, cabling can be diagnosed","215","1","2023-11-20T17:25:18.666053Z","209","4.392","2023-11-20T17:25:18.666053Z"
"Operating Systems or Administration"," Which symbol should be used on computer equipment that meets the legal requirements for sale in the European Union?","216","1","2023-11-20T17:25:33.039790Z","210","13.932","2023-11-20T17:25:33.039790Z"
"Computer Networks"," How many collision and broadcast domains are visible in the diagram?","217","1","2023-11-20T17:25:48.786172Z","211","15.277","2023-11-20T17:25:48.786172Z"
"Computer Networks","In accordance with the EIA/TIA T568B standard, the wires of the twisted pair receiving pair are covered with colored insulating material.","218","1","2023-11-20T17:26:13.464477Z","212","7.995","2023-11-20T17:26:13.465473Z"
"Computer Networks"," ARP (Address Resolution Protocol) is a protocol that enables translation","219","1","2023-11-20T17:26:17.560510Z","213","3.722","2023-11-20T17:26:17.560510Z"
"Computer Networks"," Which network device should replace the hub to split the LAN into four separate collision domains?","220","1","2023-11-20T17:26:23.648168Z","214","5.699","2023-11-20T17:26:23.648168Z"
"Others"," The device shown in the figure is used for the purpose of","221","1","2023-11-20T17:26:26.340937Z","215","2.287","2023-11-20T17:26:26.340937Z"
"Others"," What type of cables should the tool shown in the photo be used for?","222","1","2023-11-20T17:26:29.404715Z","216","2.702","2023-11-20T17:26:29.404715Z"
"Others"," The plug shown in the drawing should be used to terminate category cables","223","1","2023-11-20T17:26:35.457095Z","217","5.662","2023-11-20T17:26:35.457095Z"
"Computer Networks"," What is the acronym for a twisted pair cable?","224","1","2023-11-20T17:26:39.932844Z","218","4.116","2023-11-20T17:26:39.932844Z"
"Computer Networks"," To check the connection map of the U/UTP Cat cable. 5. in structured cabling you should use","225","1","2023-11-20T17:26:41.923989Z","219","1.61","2023-11-20T17:26:41.923989Z"
"Computer Networks"," Specify the broadcast address for the subnet 86.10.20.64/26.","226","1","2023-11-20T17:26:44.036397Z","220","1.751","2023-11-20T17:26:44.036397Z"
"Computer Networks"," Specify the prefix that identifies global type addresses in IPv6.","227","1","2023-11-20T17:26:45.654527Z","221","1.236","2023-11-20T17:26:45.654527Z"
"Computer Networks"," Network with IP address 192.168.2.0/24. divided into 8 subnets. Specify mask for new subnets?","228","1","2023-11-20T17:26:47.060489Z","222","1.029","2023-11-20T17:26:47.060489Z"
"Computer Networks","Indicate the best summary route for the IPv4 subnet: 10.10.168.0/23. 10.10.170.0/23. 10.10.172.0/23. 10.10.174.0/24.","229","1","2023-11-20T17:27:12.915791Z","223","9.717","2023-11-20T17:27:12.915791Z"
"Operating Systems or Administration"," Which ping parameter should you use to achieve the effect shown in the screenshot?","230","1","2023-11-20T17:27:41.556173Z","224","9.669","2023-11-20T17:27:41.556173Z"
"Computer Networks"," Which protocol should be configured on the network switch to prevent broadcast storm?","231","1","2023-11-20T17:27:44.072296Z","225","2.142","2023-11-20T17:27:44.072296Z"
"Computer Networks"," Which dynamic routing protocol was designed as an external gateway protocol for connecting different ISPs together?","232","1","2023-11-20T17:27:46.116080Z","226","1.686","2023-11-20T17:27:46.116080Z"
"Computer Networks"," Which route is marked with the letter R in the routing table?","233","1","2023-11-20T17:27:47.799316Z","227","1.286","2023-11-20T17:27:47.799316Z"
"Peripherals"," Which computer peripheral device is used for cutting, printing and milling?","234","1","2023-11-20T17:27:50.582656Z","228","2.397","2023-11-20T17:27:50.582656Z"
"Computer Networks"," Why should the RMON (Remote Network Monitoring) function be activated in the switch?","235","1","2023-11-20T17:27:53.800813Z","229","2.805","2023-11-20T17:27:53.800886Z"
"Computer Networks"," What is the acronym of a program for preparing graphical graphs of traffic occurring on the interfaces of network devices?","236","1","2023-11-20T17:28:00.965564Z","230","6.78","2023-11-20T17:28:00.965622Z"
"Computer Networks"," The Layer 2 switch is assigned an IP address for the purpose","237","1","2023-11-20T17:28:02.748838Z","231","1.397","2023-11-20T17:28:02.748838Z"
"Computer Networks"," VLAN can be configured on","238","1","2023-11-20T17:28:04.583094Z","232","1.43","2023-11-20T17:28:04.583094Z"
"Computer Networks"," Which service should be run on the router so that each workstation can exchange packets with the Internet when there are 5 public addresses and as many as 18 workstations available?","239","1","2023-11-20T17:28:10.349243Z","233","5.341","2023-11-20T17:28:10.349243Z"
"Computer Networks"," Which protocol does not function at the application layer of the ISO/OSI model?","240","1","2023-11-20T17:28:13.113786Z","234","2.389","2023-11-20T17:28:13.114786Z"
"Operating Systems or Administration"," Which type of backup should be used to archive all data, regardless of when it was last archived?","241","1","2023-11-20T17:28:17.122393Z","235","3.602","2023-11-20T17:28:17.122393Z"
"Computer"," Which software can be used to look for errors in RAM systems?","242","1","2023-11-20T17:28:28.826421Z","236","11.304","2023-11-20T17:28:28.826421Z"
"Computer Networks"," Which of the IPv4 addresses. can be used to configure the interface of a DNS server registered in regional domains?","243","1","2023-11-20T17:28:33.399005Z","237","4.187","2023-11-20T17:28:33.399005Z"
"Operating Systems or Administration"," The output of which Windows command is shown in the figure?","244","1","2023-11-20T17:28:37.173857Z","238","3.351","2023-11-20T17:28:37.173857Z"
"Operating Systems or Administration"," Which NTFS file system permissions allow a user to delete a folder?","245","1","2023-11-20T17:28:39.125390Z","239","1.593","2023-11-20T17:28:39.125390Z"
"Computer Networks"," Which DNS (Domain Name System) database record allows you to define an A record alias?","246","1","2023-11-20T17:28:40.703607Z","240","1.206","2023-11-20T17:28:40.703607Z"
"Informatics Basics","The unit of electrical capacity is","247","1","2023-11-20T17:28:44.724779Z","241","3.608","2023-11-20T17:28:44.724779Z"
"Computer"," It is a passive electronic component","248","1","2023-11-20T17:28:50.100526Z","242","4.988","2023-11-20T17:28:50.100526Z"
"Computer"," The electronic component marked with a red circle in the diagram is","249","1","2023-11-20T17:28:53.366285Z","243","2.841","2023-11-20T17:28:53.366285Z"
"Computer"," The diagram included in the documentation for the motherboard shows that it is equipped","250","1","2023-11-20T17:28:55.773507Z","244","2.019","2023-11-20T17:28:55.773507Z"
"Computer"," The component is compatible with the presented controller","251","1","2023-11-20T17:28:59.009649Z","245","2.818","2023-11-20T17:28:59.009649Z"
"Computer"," Indicate the connector that should be used to properly connect the monitor to the central unit equipped with the ports required by the monitor.","252","1","2023-11-20T17:29:02.934561Z","246","3.47","2023-11-20T17:29:02.934561Z"
"Operating Systems or Administration"," Which tools are used in the Linux graphical environment to install software?","253","1","2023-11-20T17:29:05.208718Z","247","1.863","2023-11-20T17:29:05.208718Z"
"Operating Systems or Administration"," To prevent Windows from restarting during the user's work due to the installation of downloaded updates, Windows Update should be configured","254","1","2023-11-20T17:29:11.178002Z","248","5.593","2023-11-20T17:29:11.178002Z"
"Operating Systems or Administration"," After installing Linux Ubuntu next to Windows, to configure the display time of the systems selection menu, you can modify the file","255","1","2023-11-20T17:29:13.516046Z","249","1.918","2023-11-20T17:29:13.516046Z"
"Legal"," A license for banking system software, intended only for one of the banks operating in Poland, related to an agreement signed with a company producing the software, is a license","256","1","2023-11-20T17:29:19.724152Z","250","5.799","2023-11-20T17:29:19.724152Z"
"Computer Networks"," logical topology whose mechanism of operation is shown in the block diagram provided is a topology","257","1","2023-11-20T17:29:56.283226Z","251","36.166","2023-11-20T17:29:56.283226Z"
"Computer Networks"," Which abbreviation in a network logical diagram denotes an element of structured cabling defined as the point at which building backbone cables are terminated?","258","1","2023-11-20T17:29:58.145710Z","252","1.452","2023-11-20T17:29:58.146815Z"
"Others"," The tool presented is used for","259","1","2023-11-20T17:30:01.354701Z","253","2.867","2023-11-20T17:30:01.354701Z"
"Computer Networks"," What is the maximum number of host addresses that can be used in a subnet with IPv4 address 172.16.0.0/22?","260","1","2023-11-20T17:30:03.857929Z","254","2.152","2023-11-20T17:30:03.857929Z"
"Computer Networks"," Which entry is the simplified form of the IPv6 address: 2020:0dc8:0000:0001:0000:0000:0000:0001?","261","1","2023-11-20T17:30:06.398975Z","255","2.103","2023-11-20T17:30:06.398975Z"
"Computer Networks"," How many bits must be taken from the host part so that the network with IPv4 address 10.0.10.0/24 can be divided into 16 subnets?","262","1","2023-11-20T17:30:08.549953Z","256","1.759","2023-11-20T17:30:08.549953Z"
"Others"," The screenshot shows that the measurement was performed using a web browser","263","1","2023-11-20T17:30:15.354257Z","257","6.402","2023-11-20T17:30:15.354257Z"
"Computer Networks"," A second-layer network device of the OSI model, connecting network segments and filtering network traffic, in which connected networks can use different physical and logical link protocols, is","264","1","2023-11-20T17:30:16.958919Z","258","1.222","2023-11-20T17:30:16.958919Z"
"Operating Systems or Administration","To configure the headphones in Control Panel in Windows 10, use the applet","265","1","2023-11-20T17:30:19.598500Z","259","2.249","2023-11-20T17:30:19.598500Z"
"Peripherals"," The light-curing resin is a consumable material for the printer","266","1","2023-11-20T17:30:24.582996Z","260","4.551","2023-11-20T17:30:24.582996Z"
"Computer Networks"," Specify the type of message used in communication between an SNMP agent and an SNMP manager that allows the agent to notify the manager of important events.","267","1","2023-11-20T17:30:27.211281Z","261","2.24","2023-11-20T17:30:27.211281Z"
"Computer Networks"," A Linux program that allows you to collect real-time statistical information about network traffic is","268","1","2023-11-20T17:30:52.024593Z","262","13.989","2023-11-20T17:30:52.024593Z"
"Computer Networks"," Router# Entering configure terminal in the CISCO router CLI shown will result in","269","1","2023-11-20T17:30:53.832979Z","263","1.368","2023-11-20T17:30:53.832979Z"
"Computer"," To attach new heat sinks to the graphics card memory chips, if the old and faulty ones have been removed, you can use","270","1","2023-11-20T17:30:57.583361Z","264","3.341","2023-11-20T17:30:57.583361Z"
"Computer"," Can be used to organize cables inside the central unit","271","1","2023-11-20T17:31:00.973683Z","265","2.974","2023-11-20T17:31:00.973683Z"
"Operating Systems or Administration"," Indicate the Linux command that is used to extract files from the wazne_pliki.tar.bz2 archive","272","1","2023-11-20T17:31:02.949302Z","266","1.574","2023-11-20T17:31:02.949302Z"
"Operating Systems or Administration","Select a Windows 10 tool that, when used with File History, can recover a user's files or personal folders.","273","1","2023-11-20T17:31:06.231400Z","267","2.876","2023-11-20T17:31:06.231400Z"
"Operating Systems or Administration"," The system cannot start on a computer with Windows 10 installed. The Master Boot Record (MBR) has been corrupted. Repairing the fault without reinstalling the system is possible using the tool","274","1","2023-11-20T17:31:08.993433Z","268","2.383","2023-11-20T17:31:08.993433Z"
"Operating Systems or Administration"," /dev/sda: Timing cached reads: 18246 MB in 2.00 seconds = 9129.63 MB/sec To check the presented hard disk performance in Linux, use the command","275","1","2023-11-20T17:31:11.232274Z","269","1.849","2023-11-20T17:31:11.232274Z"
"Others"," The presented program is used for diagnostics","276","1","2023-11-20T17:31:14.682842Z","270","3.083","2023-11-20T17:31:14.682842Z"
"Others"," While repairing computer equipment, the service technician replaced the graphics card and power supply, installed and configured the printer, configured Outlook and made a backup copy of the client's private photos to a USB drive. Indicate the gross cost of the services provided by the service technician.","277","1","2023-11-20T17:31:24.882994Z","271","9.841","2023-11-20T17:31:24.882994Z"
"Operating Systems or Administration"," Using the sudo ifup eth0 command to configure the network interface on Linux will result","278","1","2023-11-20T17:31:27.297494Z","272","2.032","2023-11-20T17:31:27.297494Z"
"Operating Systems or Administration","You can use the command to edit configuration files on Linux","279","1","2023-11-20T17:31:29.682102Z","273","1.988","2023-11-20T17:31:29.682102Z"
"Operating Systems or Administration"," In Windows, you can configure the system boot options with the command","280","1","2023-11-20T17:31:31.640344Z","274","1.57","2023-11-20T17:31:31.640344Z"
"Operating Systems or Administration"," [SHARE] path = /home/share writable = yes create mode = 0770 directory mode = 0770 guest ok = no valid users = root The presented entry is placed at the end of the smb.conf file. The result of its operation when configuring services installed in Linux is","281","1","2023-11-20T17:31:33.516031Z","275","1.288","2023-11-20T17:31:33.516031Z"
"Operating Systems or Administration"," In Linux, the command is used to display all groups to which a user exam belongs","282","1","2023-11-20T17:31:34.928608Z","276","1.015","2023-11-20T17:31:34.928608Z"
"Operating Systems or Administration"," Changing the exam user password in Linux is possible with the command","283","1","2023-11-20T17:31:37.466128Z","277","2.172","2023-11-20T17:31:37.466128Z"
"Operating Systems or Administration"," The Windows command that forces a password change after the test user logs in is","284","1","2023-11-20T17:31:40.287588Z","278","2.469","2023-11-20T17:31:40.287588Z"
"Operating Systems or Administration"," The SN attribute appearing in the core.schema schema file in OpenLDAP means","285","1","2023-11-20T17:32:25.366962Z","279","44.72","2023-11-20T17:32:25.366962Z"
"Computer Networks"," The application layer communication protocol using standard port 443 is","286","1","2023-11-20T17:32:27.089863Z","280","1.342","2023-11-20T17:32:27.089863Z"
"Informatics Basics"," The number (AB)16 written in decimal has a value","287","1","2023-11-20T17:32:31.402389Z","281","3.97","2023-11-20T17:32:31.402389Z"
"Informatics Basics"," The unit of electrical resistance is","288","1","2023-11-20T17:32:34.549568Z","282","2.738","2023-11-20T17:32:34.549568Z"
"Informatics Basics","Which gate implements the symmetric difference operation?","289","1","2023-11-20T17:32:42.595826Z","283","7.626","2023-11-20T17:32:42.595826Z"
"Informatics Basics"," 𝒀 = (𝑨 + 𝑨�)(𝑨 + 𝑨�̅) The result of the presented logical function is the expression","290","1","2023-11-20T17:32:46.892172Z","284","3.9","2023-11-20T17:32:46.892172Z"
"Informatics Basics"," The ability to create electromagnetic flux through a circuit supplied with electricity is","291","1","2023-11-20T17:32:53.374894Z","285","6.108","2023-11-20T17:32:53.374894Z"
"Computer"," If the network card's download speed is 4 Mbps, a 2 MB file can be downloaded in minimal time.","292","1","2023-11-20T17:32:59.349562Z","286","5.596","2023-11-20T17:32:59.349562Z"
"Computer"," The power consumed by the power supply is equal to one watt if one joule of work is performed in one moment","293","1","2023-11-20T17:33:06.532728Z","287","6.814","2023-11-20T17:33:06.532728Z"
"Computer"," Which statement about GUID partition table (GPT) is true?","294","1","2023-11-20T17:33:11.379134Z","288","4.471","2023-11-20T17:33:11.379134Z"
"Operating Systems or Administration"," Indicate the name of the interface shown in the figure, used, among other things, to manage the operating system.","295","1","2023-11-20T17:33:17.350411Z","289","5.581","2023-11-20T17:33:17.350411Z"
"Operating Systems or Administration"," The native package manager for Ubuntu is","296","1","2023-11-20T17:33:19.432532Z","290","1.665","2023-11-20T17:33:19.432532Z"
"Legal"," Recyclable plastic waste left after computer repairs should be disposed of in color-coded containers","297","1","2023-11-20T17:33:24.765724Z","291","4.914","2023-11-20T17:33:24.765724Z"
"Computer Networks","The diagram shows a network with a wireless decentralized structure called","298","1","2023-11-20T17:33:27.891309Z","292","2.786","2023-11-20T17:33:27.891309Z"
"Computer Networks"," Which abbreviation stands for personal computer network?","299","1","2023-11-20T17:33:30.876828Z","293","2.643","2023-11-20T17:33:30.876828Z"
"Computer Networks"," In the structured cabling diagram, one of the elements includes the word MDF. Which distribution point is this item associated with?","300","1","2023-11-20T17:33:38.055650Z","294","6.82","2023-11-20T17:33:38.055650Z"
"Computer Networks"," The computer network project includes information on the use of TCP and UDP protocols. At which layer of the ISO/OSI model are these protocols defined?","301","1","2023-11-20T17:33:40.533083Z","295","2.072","2023-11-20T17:33:40.533083Z"
"Computer Networks"," The Hub network device is called","302","1","2023-11-20T17:33:42.029044Z","296","1.136","2023-11-20T17:33:42.029044Z"
"Others"," The figure shows","303","1","2023-11-20T17:33:44.182822Z","297","1.76","2023-11-20T17:33:44.182822Z"
"Computer Networks"," A network cable whose plug at one end is made according to the 568A standard and at the other end according to the 568B standard is a cable","304","1","2023-11-20T17:33:47.142254Z","298","2.55","2023-11-20T17:33:47.142254Z"
"Computer Networks"," The IPv4 address range 224.0.0.0 ÷ 239.255.255.255 is intended for transmission","305","1","2023-11-20T17:33:48.611980Z","299","1.067","2023-11-20T17:33:48.611980Z"
"Computer Networks"," An IPv6 address is divided into eight blocks, each of size","306","1","2023-11-20T17:33:50.042245Z","300","1.022","2023-11-20T17:33:50.042245Z"
"Computer Networks"," How many equal subnets should the network with the IPv4 address 192.168.30.0/24 be divided into so that each of the newly created networks has exactly 30 host addresses to use?","307","1","2023-11-20T17:33:52.527349Z","301","2.073","2023-11-20T17:33:52.527349Z"
"Computer Networks"," The VLSM technique used in designing IPv4 addressing allows for:","308","1","2023-11-20T17:33:54.334670Z","302","1.383","2023-11-20T17:33:54.334670Z"
"Computer"," Which type of file allows you to record photos with a digital camera with the highest image fidelity and enables accurate processing of this file on a computer?","309","1","2023-11-20T17:34:05.734270Z","303","10.969","2023-11-20T17:34:05.734270Z"
"Computer","Malware used to record keystrokes pressed by the user of the operating system is","310","1","2023-11-20T17:34:08.759079Z","304","2.633","2023-11-20T17:34:08.759079Z"
"Computer Networks"," The presented areas of the computer network created after configuring the router are domains of the type","311","1","2023-11-20T17:34:13.694716Z","305","4.58","2023-11-20T17:34:13.694716Z"
"Computer Networks"," Identify the latest standard for data encryption in wireless networks.","312","1","2023-11-20T17:34:16.549870Z","306","2.471","2023-11-20T17:34:16.549870Z"
"Operating Systems or Administration"," What is the purpose of the /var partition in Linux?","313","1","2023-11-20T17:34:18.819626Z","307","1.864","2023-11-20T17:34:18.819626Z"
"Operating Systems or Administration"," During hibernation, which file does Windows use to store a copy of system memory on the hard drive?","314","1","2023-11-20T17:34:21.446527Z","308","2.218","2023-11-20T17:34:21.446527Z"
"Operating Systems or Administration"," On Linux, you can use the ps command with the parameter to list all running processes, not just those that you own.","315","1","2023-11-20T17:34:23.082943Z","309","1.227","2023-11-20T17:34:23.082943Z"
"Operating Systems or Administration"," To protect the contents of a computer running Windows, you can encrypt directories with the command","316","1","2023-11-20T17:34:25.116231Z","310","1.624","2023-11-20T17:34:25.116231Z"
"Operating Systems or Administration"," The image shows the GRUB menu. Which option should I configure in the grub file to default to Windows first?","317","1","2023-11-20T17:34:28.175628Z","311","2.627","2023-11-20T17:34:28.175628Z"
"Others","To increase the functionality of the web browser, e.g. with VPN support, you should install external libraries or named programs","318","1","2023-11-20T17:35:00.682270Z","312","32.032","2023-11-20T17:35:00.682270Z"
"Computer Networks"," Network address translation is abbreviated","319","1","2023-11-20T17:35:03.298820Z","313","2.174","2023-11-20T17:35:03.298820Z"
"Operating Systems or Administration"," On Windows, to change the FAT32 file system to NTFS, use the command","320","1","2023-11-20T17:35:05.382560Z","314","1.688","2023-11-20T17:35:05.382560Z"
"Operating Systems or Administration"," In Linux, to add the result of executing the dir command to the test.txt file without losing the data previously saved in it, use the following syntax","321","1","2023-11-20T17:35:08.065829Z","315","2.315","2023-11-20T17:35:08.065829Z"
"Operating Systems or Administration"," Which Linux command allows you to search a file for lines containing a specific string of characters?","322","1","2023-11-20T17:35:09.699356Z","316","1.238","2023-11-20T17:35:09.699356Z"
"Operating Systems or Administration"," It is Open Source software that serves as a web server on various system platforms, including Linux systems","323","1","2023-11-20T17:35:28.782466Z","317","18.684","2023-11-20T17:35:28.782466Z"
"Operating Systems or Administration"," An encrypted terminal connection to a remote computer on the local network is possible using a protocol","324","1","2023-11-20T17:35:35.234091Z","318","6.108","2023-11-20T17:35:35.234091Z"
"Computer Networks"," It is a tool for monitoring local computer networks","325","1","2023-11-20T17:35:39.622033Z","319","4.043","2023-11-20T17:35:39.622033Z"
"Others"," The image shown shows a fragment of the command result","326","1","2023-11-20T17:35:42.313013Z","320","2.343","2023-11-20T17:35:42.313013Z"
"Computer","Sequential circuits composed of a set of flip-flops, most often D-type synchronous, used for data storage, are","327","1","2023-11-20T17:35:46.717480Z","321","4.021","2023-11-20T17:35:46.717480Z"
"Computer"," The pulse transformer in the presented power supply is marked with the symbol","328","1","2023-11-20T17:35:48.582443Z","322","1.441","2023-11-20T17:35:48.582443Z"
"Computer"," On the presented motherboard it is possible to install a processor with a casing type","329","1","2023-11-20T17:35:50.332870Z","323","1.349","2023-11-20T17:35:50.332870Z"
"Computer"," Compatible components are marked with numbers in the table","330","1","2023-11-20T17:35:52.673592Z","324","1.944","2023-11-20T17:35:52.673592Z"
"Computer"," Before you start upgrading personal computers and servers by adding new RAM modules, you should check them","331","1","2023-11-20T17:35:54.705032Z","325","1.623","2023-11-20T17:35:54.705032Z"
"Operating Systems or Administration"," Programs can be used to update Linux systems","332","1","2023-11-20T17:35:56.926752Z","326","1.845","2023-11-20T17:35:56.926752Z"
"Computer"," To enable communication between your mobile device and your computer via Bluetooth, you must:","333","1","2023-11-20T17:35:59.982667Z","327","2.694","2023-11-20T17:35:59.982667Z"
"Legal"," Which license is a group license that allows commercial institutions or educational, governmental and charitable organizations to purchase more Microsoft software on favorable terms?","334","1","2023-11-20T17:36:04.781333Z","328","4.425","2023-11-20T17:36:04.781333Z"
"Computer Networks"," The physical topology of a network that uses radio waves as the transmission medium is called topology","335","1","2023-11-20T17:36:07.349641Z","329","2.164","2023-11-20T17:36:07.349641Z"
"Computer Networks"," Which Gigabit Ethernet standard allows the construction of network segments with a length of 550 m/5000 m with a transmission speed of 1 Gb/s?","336","1","2023-11-20T17:36:12.363228Z","330","4.614","2023-11-20T17:36:12.363228Z"
"Computer Networks","The control protocol of the TCP/IP family, whose role, among other things, is to detect failures of network devices, is","337","1","2023-11-20T17:36:14.664471Z","331","1.897","2023-11-20T17:36:14.664471Z"
"Computer Networks"," In order to use a PSTN telephone to make calls via a computer network, it must be connected to","338","1","2023-11-20T17:36:16.644006Z","332","1.547","2023-11-20T17:36:16.644006Z"
"Computer Networks"," Identify the tool used to fasten individual copper cable strands into connectors.","339","1","2023-11-20T17:36:18.866859Z","333","1.772","2023-11-20T17:36:18.866859Z"
"Computer Networks"," A test was performed using the Acrylic Wi-Fi Home program, the results of which are presented in the screenshot. Based on them, it can be concluded that a wireless network is available","340","1","2023-11-20T17:36:20.746595Z","334","1.494","2023-11-20T17:36:20.746595Z"
"Computer Networks"," Which IP address is class A?","341","1","2023-11-20T17:36:22.519402Z","335","1.363","2023-11-20T17:36:22.519402Z"
"Computer Networks"," Indicate the broadcast address of the network to which the host with the address 88.89.90.91/6 belongs?","342","1","2023-11-20T17:36:24.248199Z","336","1.368","2023-11-20T17:36:24.248199Z"
"Operating Systems or Administration"," To trace the route of packets to a website server in Windows, use the command","343","1","2023-11-20T17:36:25.785334Z","337","13.263","2023-11-20T17:36:42.249327Z"
"Computer"," In the diagram showing the principle of operation of a plasma monitor, the number 6 is marked","344","1","2023-11-20T17:36:48.859257Z","338","4.929","2023-11-20T17:36:48.859257Z"
"Computer"," The illustration shows the functions of the buttons on the multimedia projector housing with arrows. With these buttons you can","345","1","2023-11-20T17:36:56.166393Z","339","6.928","2023-11-20T17:36:56.166393Z"
"Computer Networks","The first step necessary to protect the router against access to its configuration panel by unauthorized persons is","346","1","2023-11-20T17:36:58.268819Z","340","1.674","2023-11-20T17:36:58.268819Z"
"Peripherals"," To clean dust from the inside of the photo printer case, use","347","1","2023-11-20T17:37:03.102198Z","341","4.41","2023-11-20T17:37:03.102198Z"
"Computer Networks"," Based on the screenshot showing the switch configuration, it can be concluded that","348","1","2023-11-20T17:37:05.516382Z","342","2.027","2023-11-20T17:37:05.516382Z"
"Computer Networks"," The commands shown, when run in the CLI of a CISCO router, will result in:","349","1","2023-11-20T17:37:07.351896Z","343","1.439","2023-11-20T17:37:07.351896Z"
"Computer Networks"," The diagram shows the principle of operation of a VPN network called","350","1","2023-11-20T17:37:09.034667Z","344","1.272","2023-11-20T17:37:09.034667Z"
"Others"," The presented tool can be used for","351","1","2023-11-20T17:37:11.242490Z","345","1.786","2023-11-20T17:37:11.242490Z"
"Operating Systems or Administration"," Indicate the Linux program used to compress data.","352","1","2023-11-20T17:37:14.132376Z","346","2.49","2023-11-20T17:37:14.132376Z"
"Computer"," Indicate the signal indicating an error in the graphics card of a computer equipped with AWARD BIOS POST.","353","1","2023-11-20T17:37:16.427797Z","347","1.937","2023-11-20T17:37:16.427797Z"
"Computer"," After checking the computer with a diagnostic program, it was detected that the operating temperature of the graphics card with HDMI and D-SUB outputs, embedded in the PCI Express slot of the desktop computer, is 87°C. In this case, the service technician should","354","1","2023-11-20T17:37:18.306444Z","348","1.526","2023-11-20T17:37:18.306444Z"
"Computer"," SuperPi is the program used to check","447","1","2023-11-20T17:46:37.215518Z","349","24.619999999999997","2023-11-20T17:46:53.298429Z"
"Operating Systems or Administration","Recovering the contact list on a mobile phone with Android installed is possible if the user has previously synchronized the device's data with Google Drive using","356","1","2023-11-20T17:37:36.772460Z","350","10.579","2023-11-20T17:37:36.772460Z"
"Computer"," To eliminate the basic threats related to the security of working on a computer connected to the Internet, you should first:","357","1","2023-11-20T17:37:43.517429Z","351","6.347","2023-11-20T17:37:43.517429Z"
"Others"," As part of the order, the service technician performed the activities listed in the table. The cost of the order includes the price of the services included in the table and the cost of the service technician's work, whose hourly rate is PLN 60.00 net. Determine the total gross cost of the order. The VAT rate for services is 23%.","358","1","2023-11-20T17:37:46.055043Z","352","2.148","2023-11-20T17:37:46.055043Z"
"Operating Systems or Administration"," To change the configuration parameters of the Start Menu and taskbar in Windows, you must use the snap-in","359","1","2023-11-20T17:37:48.686713Z","353","2.191","2023-11-20T17:37:48.686713Z"
"Operating Systems or Administration"," Network interface configuration in Linux can be done by editing the file","360","1","2023-11-20T17:37:53.743068Z","354","4.682","2023-11-20T17:37:53.743068Z"
"Operating Systems or Administration"," In Linux, the touch command is used for","361","1","2023-11-20T17:37:55.264251Z","355","1.1","2023-11-20T17:37:55.264251Z"
"Computer Networks","To reserve IP addresses based on the physical MAC addresses of devices in Windows Server, you must configure the service","362","1","2023-11-20T17:37:56.775427Z","356","1.127","2023-11-20T17:37:56.775427Z"
"Operating Systems or Administration"," net accounts /MINPWLEN:11 After issuing the shown Windows command, the value 11 will be set to","363","1","2023-11-20T17:37:59.182534Z","357","1.971","2023-11-20T17:37:59.182534Z"
"Operating Systems or Administration"," The RDP protocol is used in the service","364","1","2023-11-20T17:38:02.296273Z","358","2.727","2023-11-20T17:38:02.296273Z"
"Operating Systems or Administration"," The Windows tool for checking login attempts is the log","365","1","2023-11-20T17:38:03.758480Z","359","1.034","2023-11-20T17:38:03.758480Z"
"Operating Systems or Administration"," The fsck program is used in Linux for","366","1","2023-11-20T17:38:05.409489Z","360","1.279","2023-11-20T17:38:05.409489Z"
"Informatics Basics"," Which binary notation corresponds to the number 91 written in hexadecimal?","367","1","2023-11-20T17:38:08.934673Z","361","3.069","2023-11-20T17:38:08.934673Z"
"Informatics Basics"," Which logic gate does the expression describe?","368","1","2023-11-20T17:38:11.185001Z","362","1.839","2023-11-20T17:38:11.185001Z"
"Others"," The picture shows the card","369","1","2023-11-20T17:38:13.466523Z","363","1.85","2023-11-20T17:38:13.466523Z"
"Others"," The figure shows a block diagram","370","1","2023-11-20T17:38:15.207377Z","364","66.684","2023-11-20T17:46:00.986326Z"
"Computer"," The drawing shows a fragment of the technical documentation of the GA-K8NF-9-RH rev. motherboard. 2.x. It shows that the maximum number of expansion cards that can be installed (excluding the USB interface) is","371","1","2023-11-20T17:39:26.817315Z","365","2.709","2023-11-20T17:39:26.817315Z"
"Computer","The figure shows the rear panel of the workstation. The port is marked with an arrow","372","1","2023-11-20T17:39:29.781659Z","366","2.513","2023-11-20T17:39:29.781659Z"
"Others"," The figure shows the system message. What action should the user take to resolve the error?","373","1","2023-11-20T17:39:36.318370Z","367","6.118","2023-11-20T17:39:36.318370Z"
"Legal"," Shareware is a type of license consisting in","374","1","2023-11-20T17:39:38.747951Z","368","2.035","2023-11-20T17:39:38.747951Z"
"Computer"," Attacks on computer systems involving the insidious extortion of personal data from the user, usually using false notifications from institutions or e-payment system providers and other generally known organizations, are","375","1","2023-11-20T17:39:41.646545Z","369","2.509","2023-11-20T17:39:41.646545Z"
"Legal"," Which symbol indicates a copyright notice?","376","1","2023-11-20T17:39:43.955403Z","370","1.896","2023-11-20T17:39:43.955403Z"
"Computer Networks"," Which type of physical computer network topology is shown in the figure?","377","1","2023-11-20T17:39:58.211065Z","371","13.827","2023-11-20T17:39:58.211065Z"
"Computer Networks"," How many collision and broadcast domains are visible in the diagram?","378","1","2023-11-20T17:39:59.674376Z","372","1.074","2023-11-20T17:39:59.674376Z"
"Legal"," The principles of building a structured cabling system, specification of cable parameters and testing procedures applicable in Poland are included in the standards","379","1","2023-11-20T17:40:03.699775Z","373","3.612","2023-11-20T17:40:03.699775Z"
"Computer Networks"," Which IPv6 address is correct?","380","1","2023-11-20T17:40:05.235760Z","374","1.083","2023-11-20T17:40:05.235760Z"
"Computer Networks"," Which of the protocols in Linux operating systems is used in LANs?","381","1","2023-11-20T17:40:08.184834Z","375","10.289","2023-11-20T17:40:18.150266Z"
"Others"," The device shown in the figure","382","1","2023-11-20T17:40:23.338481Z","376","2.144","2023-11-20T17:40:23.338481Z"
"Computer Networks","Which device used in a computer network does not change the number of collision domains?","383","1","2023-11-20T17:40:25.649312Z","377","1.884","2023-11-20T17:40:25.649312Z"
"Computer Networks"," The illustration shows the cable termination","384","1","2023-11-20T17:40:49.877890Z","378","23.757","2023-11-20T17:40:49.877890Z"
"Others"," The technical specifications of the device include","385","1","2023-11-20T17:40:53.766050Z","379","3.447","2023-11-20T17:40:53.766050Z"
"Computer Networks"," Which Access Point operating mode is used to provide wireless devices with access to a wired LAN?","386","1","2023-11-20T17:40:55.450142Z","380","1.324","2023-11-20T17:40:55.450142Z"
"Computer Networks"," If the IP address of the workstation is 176.16.50.10/26, the broadcast address and the maximum number of hosts in the network are respectively","387","1","2023-11-20T17:40:56.876605Z","381","0.97","2023-11-20T17:40:56.876605Z"
"Computer Networks"," The network in which the workstation with the IP address 192.168.100.50/28 operates is divided into 4 subnets. The correct subnet list is","388","1","2023-11-20T17:40:58.296648Z","382","0.964","2023-11-20T17:40:58.296648Z"
"Computer Networks"," The figure shows the result of the wiring test. Interpret the measurement result.","389","1","2023-11-20T17:41:01.783454Z","383","3.065","2023-11-20T17:41:01.783454Z"
"Computer Networks"," The figure shows a fragment of the result of the network testing program. This indicates the use of a network test command","390","1","2023-11-20T17:41:03.683055Z","384","1.473","2023-11-20T17:41:03.683055Z"
"Computer Networks"," Which protocols transmit periodic copies of the routing tables to a neighboring router and do not have complete information about distant routers?","391","1","2023-11-20T17:41:05.697229Z","385","1.602","2023-11-20T17:41:05.697229Z"
"Computer"," Optical resolution is one of the parameters","392","1","2023-11-20T17:41:11.125168Z","386","5.014","2023-11-20T17:41:11.125168Z"
"Computer"," The figure shows the computer interface intended for connection","393","1","2023-11-20T17:41:15.532436Z","387","8.236","2023-11-20T17:41:22.203176Z"
"Computer","Which software should I install to be able to scan text from a printed document into a word processor?","394","1","2023-11-20T17:41:32.149536Z","388","8.816","2023-11-20T17:41:32.149536Z"
"Operating Systems or Administration"," Users in the Employee group cannot print documents using a print server on a Windows Server operating system. They are only assigned ""Document Management"" permissions. What should I do to solve the problem described?","395","1","2023-11-20T17:41:36.466926Z","389","3.899","2023-11-20T17:41:36.466926Z"
"Peripherals"," In the drawing showing the construction of a printer in which toner is fed unevenly to the drum, the magnetic roller, marked with number 2, should be replaced.","396","1","2023-11-20T17:41:41.099865Z","390","4.223","2023-11-20T17:41:41.099865Z"
"Computer Networks"," Which protocol operates at the application layer of the ISO/OSI model to enable the exchange of control information between network devices?","397","1","2023-11-20T17:41:43.123900Z","391","1.617","2023-11-20T17:41:43.123900Z"
"Computer Networks"," The figure shows the device configuration. To which ports should the server with the IP address 192.168.20.254/24 and the workstation with the IP address 192.168.20.10/24 be connected to ensure communication between these devices on the network?","398","1","2023-11-20T17:41:44.616424Z","392","1.09","2023-11-20T17:41:44.616424Z"
"Others","The figure shows the configuration of the device, which shows that:","399","1","2023-11-20T17:41:46.764320Z","393","1.692","2023-11-20T17:41:46.765321Z"
"Computer Networks"," The figure shows the router configuration window. The set parameters prove that","400","1","2023-11-20T17:41:49.166408Z","394","1.962","2023-11-20T17:41:49.166408Z"
"Computer Networks"," Which type of WiFi security has the best level of security?","401","1","2023-11-20T17:41:51.299632Z","395","1.649","2023-11-20T17:41:51.299632Z"
"Computer"," If the POST procedure reports a CMOS read/write error when starting the computer, you should do so","402","1","2023-11-20T17:41:53.945820Z","396","2.253","2023-11-20T17:41:53.945820Z"
"Operating Systems or Administration"," Which command should root use on Ubuntu Linux to update all packages (entire system) to the new version along with the new kernel?","403","1","2023-11-20T17:41:56.367759Z","397","2.007","2023-11-20T17:41:56.367759Z"
"Operating Systems or Administration"," Which Linux command will grant write permissions to all objects in /usr/share to all users without changing other permissions?","404","1","2023-11-20T17:41:58.103754Z","398","1.33","2023-11-20T17:41:58.103754Z"
"Operating Systems or Administration"," special folder named exam has been shared on the local network as a share, located on the computer named SERVER_2 in the root directory of the C:\ drive. What should the access path to the exam directory look like, where the home folder for the user account with a specific login is stored?","405","1","2023-11-20T17:42:01.026678Z","399","2.541","2023-11-20T17:42:01.026678Z"
"Operating Systems or Administration"," To make the profile mandatory, change the extension of the ntuser.dat file to","406","1","2023-11-20T17:42:03.425677Z","400","2.009","2023-11-20T17:42:03.425677Z"
"Computer"," The electronic component shown in the figure is","407","1","2023-11-20T17:42:05.976371Z","401","2.144","2023-11-20T17:42:05.976371Z"
"Computer"," In technical documentation, the efficiency of a speaker connected to a computer is recorded in a unit","408","1","2023-11-20T17:42:11.141153Z","402","4.752","2023-11-20T17:42:11.142156Z"
"Computer"," The DC powered device bears the marking shown. It shows that the device consumes power of approx","409","1","2023-11-20T17:42:18.574968Z","403","7.047","2023-11-20T17:42:18.574968Z"
"Computer"," The LGA socket on the motherboard of a desktop computer allows you to install a processor","410","1","2023-11-20T17:42:20.638477Z","404","1.658","2023-11-20T17:42:20.638477Z"
"Computer Networks"," In order for the server to enable data transmission in the 2.4 GHz and 5 GHz frequency bands, a network card operating in the 2.4 GHz and 5 GHz frequency bands must be installed in it.","411","1","2023-11-20T17:42:25.684506Z","405","4.629","2023-11-20T17:42:25.684506Z"
"Operating Systems or Administration","The manager is used to install and uninstall software in Ubuntu","412","1","2023-11-20T17:42:27.616033Z","406","1.51","2023-11-20T17:42:27.616033Z"
"Operating Systems or Administration"," By issuing the convert command on the Windows Server command line, you can do this","413","1","2023-11-20T17:42:30.417069Z","407","2.36","2023-11-20T17:42:30.417069Z"
"Operating Systems or Administration"," To update Windows operating system configuration changes made using the Group Policy Editor, you can use the command","414","1","2023-11-20T17:42:31.941621Z","408","1.074","2023-11-20T17:42:31.941621Z"
"Computer Networks"," The network topology shown in the figure is","415","1","2023-11-20T17:42:33.900261Z","409","1.552","2023-11-20T17:42:33.900261Z"
"Computer Networks"," The fiber optic link used for data transmission in the 10GBASE-SR standard can have a maximum length of","416","1","2023-11-20T17:42:35.667039Z","410","1.374","2023-11-20T17:42:35.667039Z"
"Computer Networks"," Which protocol is used for data transmission in the transport layer of the ISO/OSI model?","417","1","2023-11-20T17:42:37.139894Z","411","1.03","2023-11-20T17:42:37.140807Z"
"Computer Networks"," Measuring the attenuation in the cable transmission path allows you to determine","418","1","2023-11-20T17:42:44.869756Z","412","7.321","2023-11-20T17:42:44.869756Z"
"Computer Networks"," The equivalent of a loopback address in IPv6 is an address","419","1","2023-11-20T17:42:46.683613Z","413","1.424","2023-11-20T17:42:46.683613Z"
"Computer Networks"," Which IPv4 address and mask is incorrect?","420","1","2023-11-20T17:42:48.333854Z","414","1.185","2023-11-20T17:42:48.333854Z"
"Computer Networks"," The given network has the address 172.16.0.0/16. Which of the 172.16.0.0/16 network addresses are correct if four 18-bit subnets are separated?","421","1","2023-11-20T17:42:49.991372Z","415","1.177","2023-11-20T17:42:49.991372Z"
"Computer","The LAN administrator noticed that the UPS device had entered emergency mode. This indicates a system failure","422","1","2023-11-20T17:42:56.559537Z","416","6.118","2023-11-20T17:42:56.559537Z"
"Computer Networks"," Broadband Internet access at various download and upload speeds is provided by technology","423","1","2023-11-20T17:42:59.541334Z","417","2.534","2023-11-20T17:42:59.541334Z"
"Computer Networks"," The internal routing protocol whose metric is the distance vector is","424","1","2023-11-20T17:43:00.962136Z","418","1.067","2023-11-20T17:43:00.962136Z"
"Computer Networks"," What is the name of the identifier that must be identical for network devices to work in a given wireless network?","425","1","2023-11-20T17:43:02.850025Z","419","1.438","2023-11-20T17:43:02.850025Z"
"Peripherals"," The consumable material of the solvent plotter is:","426","1","2023-11-20T17:43:05.542557Z","420","2.276","2023-11-20T17:43:05.542557Z"
"Operating Systems or Administration"," You can perform network device maintenance by using the ipconfig /flushdns command","427","1","2023-11-20T17:43:07.884659Z","421","1.901","2023-11-20T17:43:07.884659Z"
"Operating Systems or Administration"," Which protocol is used by the ping command?","428","1","2023-11-20T17:43:11.242852Z","422","2.944","2023-11-20T17:43:11.242852Z"
"Computer"," A listening program used to capture and record various network packets and decode them","429","1","2023-11-20T17:43:17.860446Z","423","6.223","2023-11-20T17:43:17.860446Z"
"Others"," The presented listing contains enabling commands","430","1","2023-11-20T17:43:22.386787Z","424","4.055","2023-11-20T17:43:22.386787Z"
"Operating Systems or Administration"," The presented fragment of the firewall configuration allows network traffic using protocols","431","1","2023-11-20T17:43:25.477877Z","425","2.683","2023-11-20T17:43:25.477877Z"
"Others"," The tool shown in the figure is used for testing","432","1","2023-11-20T17:43:27.482612Z","426","1.569","2023-11-20T17:43:27.482612Z"
"Operating Systems or Administration"," A copy of data in Linux can be made using the command","433","1","2023-11-20T17:43:29.493693Z","427","1.531","2023-11-20T17:43:29.493693Z"
"Operating Systems or Administration","In Linux, the equivalent of a Windows program called chkdsk is chkdsk","434","1","2023-11-20T17:43:31.457124Z","428","1.558","2023-11-20T17:43:31.457124Z"
"Operating Systems or Administration"," Using the dxdiag command invoked from the Windows command line you can","435","1","2023-11-20T17:43:33.193982Z","429","1.318","2023-11-20T17:43:33.193982Z"
"Operating Systems or Administration"," Which tool is used to verify drivers in Windows?","436","1","2023-11-20T17:43:35.532738Z","430","3.557","2023-11-20T17:43:39.750514Z"
"Operating Systems or Administration"," net user Test /expires:12/09/20 Indicate the effect of the presented command.","437","1","2023-11-20T17:43:46.184810Z","431","5.043","2023-11-20T17:43:46.184810Z"
"Operating Systems or Administration"," A Linux operating system user wants to assign the IP address 152.168.1.200 255.255.0.0 to a network interface. Which command should he issue as root?","438","1","2023-11-20T17:43:48.050008Z","432","1.428","2023-11-20T17:43:48.050008Z"
"Computer Networks"," route add 192.168.35.0 MASK 255.255.255.0 192.168.0.2 As a result of using the route command, the","439","1","2023-11-20T17:43:49.666739Z","433","1.182","2023-11-20T17:43:49.666739Z"
"Operating Systems or Administration"," You can check the minimum password validity period in Windows using the command","440","1","2023-11-20T17:43:52.292295Z","434","2.169","2023-11-20T17:43:52.292295Z"
"Operating Systems or Administration"," On Linux, the chmod command allows you to do this","441","1","2023-11-20T17:43:53.782653Z","435","1.105","2023-11-20T17:43:53.782653Z"
"Operating Systems or Administration"," To complete the correct syntax of the presented command, which provides a Data folder under the name test, replace the dots with the word net ... test=C:\Dane","442","1","2023-11-20T17:43:55.816639Z","436","1.57","2023-11-20T17:43:55.816639Z"
"Computer Networks","subnet 176.16.20.0 netmask 255.255.255.0 { range 176.16.20.50 176.16.20.250; ... host main { fixed-address 176.16.20.100; hardware ethernet 39:12:86:07:55:00; } } Which of the following statements is true for the presented configuration of the DHCP service in Linux?","443","1","2023-11-20T17:43:57.642969Z","437","1.445","2023-11-20T17:43:57.642969Z"
"Operating Systems or Administration"," For a given user on Linux, the usermod -s command allows you to","444","1","2023-11-20T17:43:59.392260Z","438","1.287","2023-11-20T17:43:59.392260Z"
"Computer Networks"," Which protocol does not function at the application layer of the ISO/OSI model?","445","1","2023-11-20T17:44:02.139837Z","439","2.349","2023-11-20T17:44:02.139837Z"
"Computer Networks"," The protocol that allows hosts to obtain configuration data from a server, such as the IP address of a network gateway, is","446","1","2023-11-20T17:44:06.091714Z","440","33.382","2023-11-20T17:47:08.346925Z"
